Time(s), T_gas(K), N_gas(#/cm^3), e, N, N2, N2(A), N2(B), N2(a'), N2(C), N^+, N2^+, N3^+, N4^+
7.02576e-06, 300, 2.44631e+19, 972588, 8.12487e-06, 2.44631e+19, 24290.3, 3.35998, 29.0614, 0.0344321, 1.18858e-20, 5.01012, 1.29205e-10, 999992
1.52225e-05, 300, 2.44631e+19, 1.67992e+06, 4.61039e-05, 2.44631e+19, 7.53631e+07, 9077.47, 162804, 1001.6, 1.24779e-19, 26.4622, 2.47238e-06, 1.00014e+06
2.45902e-05, 300, 2.44631e+19, 2.70986e+06, 0.00438298, 2.44631e+19, 4.84671e+09, 516104, 1.643e+07, 174119, 3.63676e-17, 520.525, 0.0032816, 1.40681e+06
3.27869e-05, 300, 2.44631e+19, 3.29341e+06, 5.97622, 2.44631e+19, 3.71365e+10, 4.1041e+06, 1.86157e+08, 2.39632e+06, 1.40854e-12, 169175, 5.76517, 1.92417e+07
4.09836e-05, 300, 2.44631e+19, 1.40914e+06, 1549.48, 2.44631e+19, 7.4797e+10, 5.10436e+06, 2.85053e+08, 3.99659e+06, 2.52041e-09, 1.68982e+07, 1540.01, 6.76754e+07
4.91803e-05, 300, 2.44631e+19, 1.1963e+06, 52001.6, 2.44631e+19, 1.3768e+11, 8.77362e+06, 5.62593e+08, 8.27682e+06, 2.87879e-07, 2.87352e+08, 51866.1, 3.08786e+07
5.50351e-05, 300, 2.44631e+19, 4.9963e+06, 715346, 2.44631e+19, 4.36556e+11, 5.61602e+07, 3.91407e+09, 5.91204e+07, 3.89285e-05, 2.01119e+09, 712943, 8.66809e+06
5.9719e-05, 300, 2.44631e+19, 1.12512e+07, 6.1351e+06, 2.44631e+19, 1.1176e+12, 1.61297e+08, 1.17721e+10, 1.8039e+08, 0.00169144, 7.13866e+09, 6.1172e+06, 2.89613e+06
6.44028e-05, 300.001, 2.4463e+19, 1.98993e+07, 4.32754e+07, 2.4463e+19, 2.5259e+12, 3.39437e+08, 2.55341e+10, 3.95373e+08, 0.0443223, 2.01328e+10, 4.31784e+07, 1.14551e+06
6.67447e-05, 300.002, 2.4463e+19, 2.95121e+07, 1.01029e+08, 2.4463e+19, 3.66791e+12, 5.59618e+08, 4.2888e+10, 6.68135e+08, 0.197823, 3.21732e+10, 1.00822e+08, 466549
7.02576e-05, 300.003, 2.44629e+19, 3.75937e+07, 3.38187e+08, 2.44629e+19, 5.98236e+12, 7.72659e+08, 5.9706e+10, 9.35412e+08, 1.36804, 5.87601e+10, 3.37629e+08, 321185
7.37705e-05, 300.004, 2.44628e+19, 4.35639e+07, 9.4305e+08, 2.44628e+19, 8.7706e+12, 9.76408e+08, 7.58907e+10, 1.19655e+09, 6.94606, 9.42421e+10, 9.41866e+08, 181861
7.96253e-05, 300.007, 2.44625e+19, 4.79347e+07, 3.63826e+09, 2.44625e+19, 1.39461e+13, 1.21062e+09, 9.36253e+10, 1.49152e+09, 54.8877, 1.68725e+11, 3.63571e+09, 103748
8.54801e-05, 300.011, 2.44622e+19, 5.03942e+07, 9.92833e+09, 2.44622e+19, 1.92113e+13, 1.44526e+09, 1.107e+11, 1.78267e+09, 259.503, 2.56373e+11, 9.92623e+09, 49297.3
9.25059e-05, 300.017, 2.44617e+19, 4.97947e+07, 2.45666e+10, 2.44617e+19, 2.4824e+13, 1.63288e+09, 1.22572e+11, 1.99759e+09, 1012.49, 3.65899e+11, 2.4577e+10, 28267.5
9.71897e-05, 300.021, 2.44614e+19, 4.69351e+07, 3.94115e+10, 2.44614e+19, 2.77988e+13, 1.68634e+09, 1.24756e+11, 2.04891e+09, 2054.99, 4.34547e+11, 3.9447e+10, 18551.7
0.000106557, 300.03, 2.44607e+19, 4.12066e+07, 8.05293e+10, 2.44606e+19, 3.14868e+13, 1.67995e+09, 1.20625e+11, 2.00401e+09, 5476.03, 5.45855e+11, 8.06932e+10, 16375.6
0.000114754, 300.038, 2.446e+19, 3.31059e+07, 1.25879e+11, 2.446e+19, 3.24149e+13, 1.50222e+09, 1.05012e+11, 1.76121e+09, 9693.61, 6.09158e+11, 1.26283e+11, 15931.7
0.00012178, 300.044, 2.44595e+19, 2.50715e+07, 1.67787e+11, 2.44595e+19, 3.17193e+13, 1.25273e+09, 8.51388e+10, 1.44073e+09, 13234.8, 6.36151e+11, 1.68512e+11, 20107.8
0.000128806, 300.049, 2.44591e+19, 1.75161e+07, 2.08998e+11, 2.44591e+19, 2.99561e+13, 9.77769e+08, 6.42974e+10, 1.09929e+09, 15901.5, 6.40674e+11, 2.10152e+11, 30647.9
0.000137002, 300.054, 2.44587e+19, 1.07504e+07, 2.5301e+11, 2.44587e+19, 2.71324e+13, 6.9668e+08, 4.39387e+10, 7.61306e+08, 17426.8, 6.26446e+11, 2.54777e+11, 61835.8
0.000148712, 300.059, 2.44583e+19, 5.09713e+06, 3.05479e+11, 2.44583e+19, 2.28103e+13, 4.18949e+08, 2.49182e+10, 4.40323e+08, 16826.8, 5.90119e+11, 3.08272e+11, 256645
0.000160422, 300.063, 2.4458e+19, 1.54059e+06, 3.46445e+11, 2.4458e+19, 1.89171e+13, 2.37103e+08, 1.29668e+10, 2.36857e+08, 13327.9, 5.51714e+11, 3.50376e+11, 2.82982e+06
0.000173302, 300.066, 2.44577e+19, 318024, 3.80989e+11, 2.44577e+19, 1.5515e+13, 1.43567e+08, 7.45917e+09, 1.3956e+08, 8662.14, 5.16227e+11, 3.86251e+11, 8.62678e+07
0.000188525, 300.069, 2.44575e+19, 79076.1, 4.11207e+11, 2.44575e+19, 1.25204e+13, 9.10159e+07, 4.66713e+09, 8.79708e+07, 4217.38, 4.74715e+11, 4.18108e+11, 9.78541e+09
0.00020726, 300.071, 2.44574e+19, 118103, 4.13371e+11, 2.44573e+19, 9.88156e+12, 5.65539e+07, 2.89209e+09, 5.45768e+07, 3538.16, 4.00459e+10, 4.20532e+11, 4.42034e+11
0.000222482, 300.072, 2.44573e+19, 407397, 4.13169e+11, 2.44572e+19, 8.27572e+12, 3.94973e+07, 2.01763e+09, 3.81328e+07, 1111.86, 1.42016e+08, 4.20392e+11, 4.82074e+11
0.000242389, 300.074, 2.44571e+19, 1.67961e+06, 4.129e+11, 2.44571e+19, 6.6632e+12, 2.55604e+07, 1.30624e+09, 2.47069e+07, 276.846, 2.12976e+06, 4.20201e+11, 4.82394e+11
0.00025, 300.074, 2.44571e+19, 1.33013e+06, 4.12797e+11, 2.44571e+19, 6.15624e+12, 2.18182e+07, 1.11492e+09, 2.10903e+07, 206.252, 1.06798e+06, 4.20129e+11, 4.82465e+11
0.000257026, 300.074, 2.44571e+19, 972348, 4.12702e+11, 2.44571e+19, 5.73149e+12, 1.89109e+07, 9.66293e+08, 1.82804e+07, 291.595, 2.42128e+06, 4.20062e+11, 4.82528e+11
0.000265223, 300.075, 2.4457e+19, 1.67951e+06, 4.12591e+11, 2.4457e+19, 5.28195e+12, 1.60694e+07, 8.20747e+08, 1.55263e+07, 539.276, 1.27842e+07, 4.19984e+11, 4.82592e+11
0.00027459, 300.075, 2.4457e+19, 2.70918e+06, 4.12467e+11, 2.4457e+19, 4.82562e+12, 1.39205e+07, 7.01248e+08, 1.31326e+07, 1174.84, 1.75597e+08, 4.19897e+11, 4.8251e+11
0.000282787, 300.075, 2.4457e+19, 3.29259e+06, 4.124e+11, 2.4457e+19, 4.49404e+12, 1.57265e+07, 7.79762e+08, 1.36337e+07, 2420.2, 4.1873e+09, 4.19871e+11, 4.78537e+11
0.000290984, 300.076, 2.4457e+19, 1.40878e+06, 4.13224e+11, 2.4457e+19, 4.19882e+12, 1.52465e+07, 8.0298e+08, 1.38031e+07, 3833.62, 9.63068e+10, 4.20918e+11, 3.85434e+11
0.00029918, 300.076, 2.44569e+19, 1.196e+06, 4.17049e+11, 2.44569e+19, 3.9537e+12, 1.77559e+07, 1.02113e+09, 1.69626e+07, 3468.87, 4.31038e+11, 4.25579e+11, 4.62744e+10
0.000305035, 300.076, 2.44569e+19, 4.99504e+06, 4.19995e+11, 2.44569e+19, 4.04509e+12, 6.54406e+07, 4.38618e+09, 6.81028e+07, 5398.28, 4.73396e+11, 4.29157e+11, 2.03834e+09
0.000309719, 300.077, 2.44569e+19, 1.12483e+07, 4.22568e+11, 2.44569e+19, 4.56152e+12, 1.72474e+08, 1.23373e+10, 1.91222e+08, 7823.72, 4.77289e+11, 4.32231e+11, 1.9345e+08
0.000314403, 300.077, 2.44568e+19, 1.98942e+07, 4.25772e+11, 2.44568e+19, 5.79737e+12, 3.54947e+08, 2.63149e+10, 4.10413e+08, 10593.2, 4.8677e+11, 4.35936e+11, 2.76698e+07
0.000316745, 300.078, 2.44568e+19, 2.95046e+07, 4.27799e+11, 2.44568e+19, 6.84705e+12, 5.78597e+08, 4.38388e+10, 6.86549e+08, 12999.3, 4.96598e+11, 4.38218e+11, 7.19441e+06
0.000320258, 300.079, 2.44567e+19, 3.75841e+07, 4.31808e+11, 2.44567e+19, 9.00942e+12, 7.98439e+08, 6.09989e+10, 9.60407e+08, 15506.1, 5.19005e+11, 4.42621e+11, 2.83421e+06
0.00032377, 300.081, 2.44565e+19, 4.35528e+07, 4.37375e+11, 2.44565e+19, 1.16272e+13, 1.00955e+09, 7.7556e+10, 1.22866e+09, 18855.4, 5.49087e+11, 4.48604e+11, 1.05858e+06
0.000329625, 300.084, 2.44563e+19, 4.79224e+07, 4.5134e+11, 2.44563e+19, 1.64796e+13, 1.25459e+09, 9.58442e+10, 1.53405e+09, 24766.7, 6.11484e+11, 4.63335e+11, 375642
0.00033548, 300.088, 2.44559e+19, 5.03813e+07, 4.72482e+11, 2.44559e+19, 2.139e+13, 1.49581e+09, 1.13258e+11, 1.8315e+09, 33016.1, 6.83335e+11, 4.85362e+11, 131272
0.000342506, 300.094, 2.44554e+19, 4.97819e+07, 5.08731e+11, 2.44554e+19, 2.65719e+13, 1.68431e+09, 1.25181e+11, 2.0472e+09, 44224.3, 7.69916e+11, 5.22876e+11, 59423.2
0.00034719, 300.099, 2.44551e+19, 4.69229e+07, 5.39447e+11, 2.4455e+19, 2.92765e+13, 1.73468e+09, 1.27212e+11, 2.09549e+09, 53297, 8.21674e+11, 5.54579e+11, 35045.5
0.000356557, 300.108, 2.44543e+19, 4.11959e+07, 6.13102e+11, 2.44543e+19, 3.25055e+13, 1.71736e+09, 1.22529e+11, 2.04001e+09, 68702.8, 8.98116e+11, 6.30584e+11, 26917.6
0.000364754, 300.116, 2.44537e+19, 3.30972e+07, 6.85558e+11, 2.44536e+19, 3.3132e+13, 1.52925e+09, 1.06387e+11, 1.78718e+09, 80872.5, 9.31999e+11, 7.05512e+11, 24351.8
0.00037178, 300.122, 2.44531e+19, 2.50649e+07, 7.48422e+11, 2.44531e+19, 3.22462e+13, 1.27215e+09, 8.61277e+10, 1.45937e+09, 86942.8, 9.35904e+11, 7.70772e+11, 29554.2
0.000378806, 300.128, 2.44527e+19, 1.75115e+07, 8.07947e+11, 2.44527e+19, 3.03441e+13, 9.91282e+08, 6.49859e+10, 1.11226e+09, 88344.6, 9.1991e+11, 8.32888e+11, 43963.4
0.000387002, 300.133, 2.44523e+19, 1.07476e+07, 8.69856e+11, 2.44523e+19, 2.74067e+13, 7.05351e+08, 4.43808e+10, 7.69629e+08, 84727.1, 8.85183e+11, 8.97979e+11, 87291.2
0.000398712, 300.138, 2.44519e+19, 5.09579e+06, 9.4209e+11, 2.44518e+19, 2.29818e+13, 4.2353e+08, 2.51519e+10, 4.44722e+08, 72635.6, 8.25412e+11, 9.74894e+11, 358627
0.000410422, 300.142, 2.44516e+19, 1.54019e+06, 9.97469e+11, 2.44515e+19, 1.90275e+13, 2.39565e+08, 1.30927e+10, 2.39224e+08, 53521.1, 7.68996e+11, 1.03499e+12, 3.94044e+06
0.000423302, 300.145, 2.44513e+19, 317940, 1.04339e+12, 2.44513e+19, 1.55843e+13, 1.44845e+08, 7.52456e+09, 1.40789e+08, 33026.5, 7.18228e+11, 1.08611e+12, 1.19906e+08
0.000438525, 300.147, 2.44511e+19, 79055.3, 1.08268e+12, 2.44511e+19, 1.25606e+13, 9.16202e+07, 4.69802e+09, 8.85516e+07, 15433.7, 6.59404e+11, 1.13151e+12, 1.35788e+10
0.00045726, 300.15, 2.44509e+19, 118072, 1.08418e+12, 2.44509e+19, 9.90948e+12, 5.6887e+07, 2.90906e+09, 5.48972e+07, 12915.1, 5.57538e+10, 1.13396e+12, 6.14772e+11
0.000472482, 300.151, 2.44508e+19, 407290, 1.08283e+12, 2.44508e+19, 8.29768e+12, 3.97174e+07, 2.02884e+09, 3.83444e+07, 4061.69, 1.98046e+08, 1.13284e+12, 6.71438e+11
0.000492389, 300.152, 2.44507e+19, 1.67917e+06, 1.08107e+12, 2.44507e+19, 6.67975e+12, 2.56944e+07, 1.31306e+09, 2.48356e+07, 1012.39, 2.97882e+06, 1.13137e+12, 6.73086e+11
0.0005, 300.153, 2.44507e+19, 1.32978e+06, 1.0804e+12, 2.44507e+19, 6.1712e+12, 2.19302e+07, 1.12062e+09, 2.11979e+07, -5.4515e+08, 1.49557e+06, 1.13136e+12, 6.73643e+11
0.000507026, 300.153, 2.44507e+19, 972092, 1.07978e+12, 2.44506e+19, 5.74516e+12, 1.90063e+07, 9.71146e+08, 1.83721e+07, 1066.94, 3.3907e+06, 1.13084e+12, 6.74154e+11
0.000515223, 300.153, 2.44506e+19, 1.67907e+06, 1.07905e+12, 2.44506e+19, 5.29432e+12, 1.6149e+07, 8.24792e+08, 1.56028e+07, 1973.62, 1.79029e+07, 1.13024e+12, 6.74735e+11
0.00052459, 300.154, 2.44506e+19, 2.70847e+06, 1.07823e+12, 2.44506e+19, 4.83668e+12, 1.39855e+07, 7.04547e+08, 1.31951e+07, 4300.78, 2.46014e+08, 1.12956e+12, 6.75181e+11
0.000532787, 300.154, 2.44506e+19, 3.29172e+06, 1.07756e+12, 2.44506e+19, 4.50406e+12, 1.57805e+07, 7.82506e+08, 1.36859e+07, 8861.14, 5.86979e+09, 1.12904e+12, 6.70084e+11
0.000540984, 300.154, 2.44505e+19, 1.40841e+06, 1.07794e+12, 2.44505e+19, 4.20755e+12, 1.52902e+07, 8.05187e+08, 1.38451e+07, 14015.9, 1.35019e+11, 1.13023e+12, 5.39802e+11
0.00054918, 300.155, 2.44505e+19, 1.19569e+06, 1.08184e+12, 2.44505e+19, 3.95997e+12, 1.77848e+07, 1.02258e+09, 1.699e+07, 12602.2, 6.03396e+11, 1.13718e+12, 6.47122e+10
0.000555035, 300.155, 2.44505e+19, 4.99373e+06, 1.08488e+12, 2.44505e+19, 4.04953e+12, 6.54485e+07, 4.38615e+09, 6.8108e+07, 19501.1, 6.61626e+11, 1.14251e+12, 2.84598e+09
0.000559719, 300.155, 2.44505e+19, 1.12454e+07, 1.08761e+12, 2.44505e+19, 4.56427e+12, 1.72449e+08, 1.23349e+10, 1.91188e+08, 28065.1, 6.64782e+11, 1.14705e+12, 2.69176e+08
0.000564403, 300.156, 2.44504e+19, 1.9889e+07, 1.0912e+12, 2.44504e+19, 5.7979e+12, 3.54867e+08, 2.63081e+10, 4.10309e+08, 37539.8, 6.72642e+11, 1.15243e+12, 3.81978e+07
0.000566745, 300.157, 2.44504e+19, 2.94969e+07, 1.09356e+12, 2.44503e+19, 6.84614e+12, 5.78452e+08, 4.38267e+10, 6.86359e+08, 45630.9, 6.81488e+11, 1.15569e+12, 9.86332e+06
0.000570258, 300.158, 2.44503e+19, 3.75743e+07, 1.09836e+12, 2.44502e+19, 9.0058e+12, 7.98217e+08, 6.0981e+10, 9.60119e+08, 53391.9, 7.02101e+11, 1.16187e+12, 3.83033e+06
0.00057377, 300.16, 2.44501e+19, 4.35413e+07, 1.10514e+12, 2.44501e+19, 1.16204e+13, 1.00923e+09, 7.75316e+10, 1.22825e+09, 63378, 7.29931e+11, 1.17008e+12, 1.40586e+06
0.000579625, 300.163, 2.44499e+19, 4.79098e+07, 1.12219e+12, 2.44498e+19, 1.64665e+13, 1.25409e+09, 9.58088e+10, 1.53344e+09, 79352.2, 7.87421e+11, 1.18966e+12, 483252
0.00058548, 300.167, 2.44495e+19, 5.0368e+07, 1.14767e+12, 2.44495e+19, 2.13701e+13, 1.49507e+09, 1.13209e+11, 1.83063e+09, 100178, 8.5297e+11, 1.21792e+12, 163701
0.000592506, 300.173, 2.4449e+19, 4.97688e+07, 1.19045e+12, 2.4449e+19, 2.65444e+13, 1.68324e+09, 1.25114e+11, 2.046e+09, 125160, 9.3047e+11, 1.26442e+12, 71745.6
0.00059719, 300.178, 2.44486e+19, 4.69106e+07, 1.22602e+12, 2.44486e+19, 2.92449e+13, 1.73343e+09, 1.27135e+11, 2.09411e+09, 143922, 9.75555e+11, 1.30274e+12, 41568.6
0.000606557, 300.187, 2.44479e+19, 4.11851e+07, 1.30963e+12, 2.44479e+19, 3.24682e+13, 1.71584e+09, 1.2244e+11, 2.03839e+09, 169768, 1.03819e+12, 1.39244e+12, 31085.7
0.000614754, 300.195, 2.44472e+19, 3.30885e+07, 1.39027e+12, 2.44472e+19, 3.30928e+13, 1.52768e+09, 1.06298e+11, 1.78554e+09, 186727, 1.06036e+12, 1.47899e+12, 27679
0.00062178, 300.201, 2.44467e+19, 2.50583e+07, 1.45929e+12, 2.44467e+19, 3.2207e+13, 1.27067e+09, 8.60451e+10, 1.45785e+09, 191237, 1.05505e+12, 1.55341e+12, 33284.4
0.000628806, 300.207, 2.44463e+19, 1.75069e+07, 1.52398e+12, 2.44463e+19, 3.0306e+13, 9.89969e+08, 6.49138e+10, 1.11092e+09, 186861, 1.03084e+12, 1.62369e+12, 49217.4
0.000637002, 300.212, 2.44459e+19, 1.07448e+07, 1.59063e+12, 2.44459e+19, 2.73707e+13, 7.04258e+08, 4.43218e+10, 7.6853e+08, 173028, 9.87919e+11, 1.69695e+12, 97328.1
0.000648712, 300.217, 2.44455e+19, 5.09446e+06, 1.66748e+12, 2.44454e+19, 2.29493e+13, 4.22718e+08, 2.5109e+10, 4.43917e+08, 143202, 9.18812e+11, 1.78317e+12, 398821
0.000660422, 300.221, 2.44452e+19, 1.53978e+06, 1.72548e+12, 2.44451e+19, 1.89982e+13, 2.38971e+08, 1.30619e+10, 2.38642e+08, 103039, 8.55295e+11, 1.85036e+12, 4.37838e+06
0.000673302, 300.224, 2.44449e+19, 317857, 1.77261e+12, 2.44449e+19, 1.55582e+13, 1.44412e+08, 7.50221e+09, 1.40367e+08, 62426, 7.98586e+11, 1.90739e+12, 1.3319e+08
0.000688525, 300.226, 2.44447e+19, 79034.6, 1.81171e+12, 2.44447e+19, 1.25375e+13, 9.13104e+07, 4.68207e+09, 8.82498e+07, 28730.7, 7.33116e+11, 1.95794e+12, 1.50815e+10
0.00070726, 300.228, 2.44445e+19, 118041, 1.81031e+12, 2.44445e+19, 9.89275e+12, 5.6711e+07, 2.89999e+09, 5.47257e+07, 24064.9, 6.22398e+10, 1.95833e+12, 6.85565e+11
0.000722482, 300.23, 2.44444e+19, 407183, 1.80654e+12, 2.44444e+19, 8.28462e+12, 3.96032e+07, 2.02294e+09, 3.8233e+07, 7584.23, 2.21775e+08, 1.95498e+12, 7.50916e+11
0.000742389, 300.231, 2.44443e+19, 1.67872e+06, 1.80162e+12, 2.44443e+19, 6.67002e+12, 2.56265e+07, 1.30955e+09, 2.47692e+07, 1895.57, 3.3547e+06, 1.95061e+12, 7.5548e+11
0.00075, 300.232, 2.44443e+19, 1.32943e+06, 1.79975e+12, 2.44443e+19, 6.16244e+12, 2.18739e+07, 1.1177e+09, 2.11429e+07, 1414.19, 1.68822e+06, 1.94895e+12, 7.57137e+11
0.000757026, 300.232, 2.44442e+19, 971837, 1.79802e+12, 2.44442e+19, 5.73719e+12, 1.89588e+07, 9.68683e+08, 1.83256e+07, 2001.32, 3.82791e+06, 1.94742e+12, 7.58662e+11
0.000765223, 300.232, 2.44442e+19, 1.67863e+06, 1.79601e+12, 2.44442e+19, 5.28715e+12, 1.61097e+07, 8.22756e+08, 1.55643e+07, 3705.32, 2.02151e+07, 1.94563e+12, 7.6042e+11
0.00077459, 300.233, 2.44442e+19, 2.70776e+06, 1.79372e+12, 2.44442e+19, 4.8303e+12, 1.39536e+07, 7.02907e+08, 1.31639e+07, 8082.7, 2.78065e+08, 1.9436e+12, 7.62179e+11
0.000782787, 300.233, 2.44442e+19, 3.29086e+06, 1.79176e+12, 2.44441e+19, 4.49827e+12, 1.57526e+07, 7.81063e+08, 1.36589e+07, 16667.7, 6.64272e+09, 1.94194e+12, 7.5749e+11
0.000790984, 300.233, 2.44441e+19, 1.40804e+06, 1.79075e+12, 2.44441e+19, 4.2021e+12, 1.52653e+07, 8.03884e+08, 1.38208e+07, 26363.7, 1.52925e+11, 1.94245e+12, 6.10751e+11
0.00079918, 300.233, 2.44441e+19, 1.19537e+06, 1.79287e+12, 2.44441e+19, 3.95422e+12, 1.77588e+07, 1.02118e+09, 1.69643e+07, 23647.2, 6.82895e+11, 1.9503e+12, 7.31639e+10
0.000805035, 300.234, 2.44441e+19, 4.99242e+06, 1.79464e+12, 2.44441e+19, 4.04341e+12, 6.54082e+07, 4.38375e+09, 6.80658e+07, 36517.1, 7.48475e+11, 1.95636e+12, 3.21634e+09
0.000809719, 300.234, 2.44441e+19, 1.12424e+07, 1.7964e+12, 2.4444e+19, 4.55761e+12, 1.72376e+08, 1.233e+10, 1.91105e+08, 52425.2, 7.51362e+11, 1.9615e+12, 3.03932e+08
0.000814403, 300.235, 2.4444e+19, 1.98838e+07, 1.79912e+12, 2.4444e+19, 5.79027e+12, 3.54734e+08, 2.62986e+10, 4.10152e+08, 69842.9, 7.58551e+11, 1.96757e+12, 4.30341e+07
0.000816745, 300.236, 2.44439e+19, 2.94892e+07, 1.80112e+12, 2.44439e+19, 6.83775e+12, 5.78249e+08, 4.38118e+10, 6.86112e+08, 84636.6, 7.66982e+11, 1.97124e+12, 1.10898e+07
0.000820258, 300.237, 2.44438e+19, 3.75644e+07, 1.8055e+12, 2.44438e+19, 8.99591e+12, 7.9793e+08, 6.09599e+10, 9.59769e+08, 98418.7, 7.8682e+11, 1.97818e+12, 4.28832e+06
0.00082377, 300.238, 2.44437e+19, 4.35299e+07, 1.81205e+12, 2.44437e+19, 1.16086e+13, 1.00885e+09, 7.75039e+10, 1.22779e+09, 115911, 8.13656e+11, 1.98735e+12, 1.56559e+06
0.000829625, 300.242, 2.44434e+19, 4.78973e+07, 1.82918e+12, 2.44434e+19, 1.64512e+13, 1.25356e+09, 9.57713e+10, 1.53281e+09, 142827, 8.68938e+11, 2.00909e+12, 532763
0.00083548, 300.246, 2.44431e+19, 5.03548e+07, 1.85529e+12, 2.44431e+19, 2.13513e+13, 1.49435e+09, 1.1316e+11, 1.82979e+09, 176990, 9.3161e+11, 2.04016e+12, 178620
0.000842506, 300.252, 2.44426e+19, 4.97558e+07, 1.89937e+12, 2.44426e+19, 2.65219e+13, 1.68233e+09, 1.25055e+11, 2.04496e+09, 215814, 1.00493e+12, 2.09075e+12, 77412.2
0.00084719, 300.256, 2.44422e+19, 4.68983e+07, 1.93601e+12, 2.44422e+19, 2.92205e+13, 1.73241e+09, 1.27071e+11, 2.09297e+09, 244056, 1.04694e+12, 2.13208e+12, 44567.1
0.000856557, 300.266, 2.44415e+19, 4.11743e+07, 2.0218e+12, 2.44414e+19, 3.24418e+13, 1.71473e+09, 1.22371e+11, 2.03716e+09, 278680, 1.1032e+12, 2.22803e+12, 33000.6
0.000864754, 300.274, 2.44408e+19, 3.30799e+07, 2.10405e+12, 2.44408e+19, 3.30663e+13, 1.52661e+09, 1.06233e+11, 1.78438e+09, 298684, 1.12002e+12, 2.31986e+12, 29208
0.00087178, 300.28, 2.44403e+19, 2.50518e+07, 2.17403e+12, 2.44403e+19, 3.21815e+13, 1.26971e+09, 8.59884e+10, 1.45682e+09, 300074, 1.11053e+12, 2.3984e+12, 35000.8
0.000878806, 300.285, 2.44399e+19, 1.75023e+07, 2.23924e+12, 2.44399e+19, 3.0282e+13, 9.8915e+08, 6.48668e+10, 1.11006e+09, 288543, 1.08266e+12, 2.4723e+12, 51641.7
0.000887002, 300.29, 2.44395e+19, 1.0742e+07, 2.3059e+12, 2.44394e+19, 2.73488e+13, 7.03609e+08, 4.42855e+10, 7.67861e+08, 263251, 1.03618e+12, 2.54908e+12, 101984
0.000898712, 300.296, 2.4439e+19, 5.09312e+06, 2.38183e+12, 2.4439e+19, 2.29303e+13, 4.22265e+08, 2.50843e+10, 4.43458e+08, 214563, 9.63191e+11, 2.63916e+12, 417679
0.000910422, 300.299, 2.44387e+19, 1.53938e+06, 2.43807e+12, 2.44387e+19, 1.89817e+13, 2.38657e+08, 1.30453e+10, 2.3833e+08, 152774, 8.96935e+11, 2.70907e+12, 4.58706e+06
0.000923302, 300.302, 2.44385e+19, 317774, 2.48254e+12, 2.44385e+19, 1.55438e+13, 1.4419e+08, 7.49067e+09, 1.40149e+08, 91818, 8.38162e+11, 2.76815e+12, 1.39653e+08
0.000938525, 300.305, 2.44383e+19, 79013.9, 2.5178e+12, 2.44383e+19, 1.25251e+13, 9.11549e+07, 4.674e+09, 8.80971e+07, 41987, 7.7045e+11, 2.82019e+12, 1.58336e+10
0.00095726, 300.307, 2.44381e+19, 118010, 2.51181e+12, 2.44381e+19, 9.8838e+12, 5.66239e+07, 2.89545e+09, 5.464e+07, 35279.7, 6.57865e+10, 2.81681e+12, 7.23866e+11
0.000972482, 300.308, 2.4438e+19, 407076, 2.50439e+12, 2.4438e+19, 8.27767e+12, 3.95474e+07, 2.02003e+09, 3.8178e+07, 11156.3, 2.35462e+08, 2.81002e+12, 7.96186e+11
0.000992389, 300.31, 2.44379e+19, 1.67828e+06, 2.49475e+12, 2.44379e+19, 6.66488e+12, 2.55939e+07, 1.30784e+09, 2.4737e+07, 2800.43, 3.5905e+06, 2.80119e+12, 8.0522e+11
0.001, 300.31, 2.44379e+19, 1.32908e+06, 2.49107e+12, 2.44378e+19, 6.15783e+12, 2.18471e+07, 1.1163e+09, 2.11162e+07, 2092.6, 1.8128e+06, 2.79783e+12, 8.0857e+11
0.00100703, 300.311, 2.44378e+19, 971582, 2.48769e+12, 2.44378e+19, 5.73301e+12, 1.89363e+07, 9.67501e+08, 1.83032e+07, 2965.28, 4.11133e+06, 2.79474e+12, 8.1165e+11
0.00101522, 300.311, 2.44378e+19, 1.67819e+06, 2.48376e+12, 2.44378e+19, 5.2834e+12, 1.60913e+07, 8.21785e+08, 1.55459e+07, 5498.21, 2.17189e+07, 2.79115e+12, 8.15217e+11
0.00102459, 300.311, 2.44378e+19, 2.70705e+06, 2.47928e+12, 2.44378e+19, 4.82698e+12, 1.39387e+07, 7.02112e+08, 1.3149e+07, 12014.1, 2.9919e+08, 2.78706e+12, 8.19014e+11
0.00103279, 300.312, 2.44377e+19, 3.29e+06, 2.47541e+12, 2.44377e+19, 4.49526e+12, 1.57392e+07, 7.80356e+08, 1.36458e+07, 24811, 7.16019e+09, 2.78361e+12, 8.15601e+11
0.00104098, 300.312, 2.44377e+19, 1.40767e+06, 2.47229e+12, 2.44377e+19, 4.19923e+12, 1.5253e+07, 8.03221e+08, 1.38086e+07, 39276.3, 1.65072e+11, 2.78279e+12, 6.58574e+11
0.00104918, 300.312, 2.44377e+19, 1.19506e+06, 2.47172e+12, 2.44377e+19, 3.95108e+12, 1.77448e+07, 1.02041e+09, 1.69502e+07, 35201.9, 7.3705e+11, 2.79073e+12, 7.88858e+10
0.00105504, 300.312, 2.44377e+19, 4.99111e+06, 2.47153e+12, 2.44377e+19, 4.03993e+12, 6.53798e+07, 4.38192e+09, 6.80353e+07, 54321.3, 8.07953e+11, 2.79694e+12, 3.46847e+09
0.00105972, 300.313, 2.44376e+19, 1.12395e+07, 2.47178e+12, 2.44376e+19, 4.55361e+12, 1.72316e+08, 1.23258e+10, 1.91036e+08, 77904.1, 8.10941e+11, 2.8022e+12, 3.27708e+08
0.0010644, 300.314, 2.44376e+19, 1.98786e+07, 2.47306e+12, 2.44376e+19, 5.78533e+12, 3.54619e+08, 2.62901e+10, 4.10012e+08, 103589, 8.17956e+11, 2.80845e+12, 4.63588e+07
0.00106674, 300.314, 2.44375e+19, 2.94814e+07, 2.47438e+12, 2.44375e+19, 6.8321e+12, 5.78067e+08, 4.37979e+10, 6.85886e+08, 125336, 8.26245e+11, 2.81226e+12, 1.1935e+07
0.00107026, 300.315, 2.44374e+19, 3.75546e+07, 2.47784e+12, 2.44374e+19, 8.98882e+12, 7.97672e+08, 6.09402e+10, 9.59446e+08, 145277, 8.45759e+11, 2.81949e+12, 4.60506e+06
0.00107377, 300.317, 2.44373e+19, 4.35185e+07, 2.48361e+12, 2.44373e+19, 1.15998e+13, 1.00851e+09, 7.74781e+10, 1.22736e+09, 170389, 8.72115e+11, 2.82912e+12, 1.67645e+06
0.00107963, 300.32, 2.4437e+19, 4.78847e+07, 2.49975e+12, 2.4437e+19, 1.64392e+13, 1.25308e+09, 9.57369e+10, 1.53222e+09, 208177, 9.26198e+11, 2.852e+12, 567319
0.00108548, 300.325, 2.44367e+19, 5.03416e+07, 2.52524e+12, 2.44367e+19, 2.1336e+13, 1.49372e+09, 1.13116e+11, 1.82904e+09, 255431, 9.87184e+11, 2.88469e+12, 189092
0.00109251, 300.331, 2.44362e+19, 4.97427e+07, 2.56896e+12, 2.44362e+19, 2.65032e+13, 1.68153e+09, 1.25001e+11, 2.04402e+09, 307486, 1.05795e+12, 2.93775e+12, 81417.3
0.00109719, 300.335, 2.44358e+19, 4.6886e+07, 2.6055e+12, 2.44358e+19, 2.92001e+13, 1.73153e+09, 1.27013e+11, 2.09196e+09, 344696, 1.09802e+12, 2.98095e+12, 46696.7
0.00110656, 300.345, 2.44351e+19, 4.11635e+07, 2.69114e+12, 2.4435e+19, 3.24197e+13, 1.71377e+09, 1.22311e+11, 2.03608e+09, 387007, 1.15027e+12, 3.08081e+12, 34375.3
0.00111475, 300.353, 2.44344e+19, 3.30712e+07, 2.77306e+12, 2.44344e+19, 3.30442e+13, 1.5257e+09, 1.06177e+11, 1.78337e+09, 409262, 1.1637e+12, 3.17593e+12, 30317.9
0.00112178, 300.359, 2.44339e+19, 2.50452e+07, 2.84249e+12, 2.44339e+19, 3.21602e+13, 1.2689e+09, 8.59397e+10, 1.45594e+09, 407103, 1.15161e+12, 3.25701e+12, 36260.6
0.00112881, 300.364, 2.44335e+19, 1.74977e+07, 2.90683e+12, 2.44334e+19, 3.0262e+13, 9.88471e+08, 6.48269e+10, 1.10934e+09, 388249, 1.12152e+12, 3.33309e+12, 53443.5
0.001137, 300.369, 2.44331e+19, 1.07391e+07, 2.9721e+12, 2.4433e+19, 2.73307e+13, 7.0308e+08, 4.42553e+10, 7.67307e+08, 351565, 1.07295e+12, 3.41193e+12, 105501
0.00114871, 300.374, 2.44326e+19, 5.09179e+06, 3.04542e+12, 2.44326e+19, 2.29147e+13, 4.21902e+08, 2.50643e+10, 4.43087e+08, 284400, 9.97902e+11, 3.50405e+12, 432311
0.00116042, 300.378, 2.44323e+19, 1.53897e+06, 3.09846e+12, 2.44323e+19, 1.89683e+13, 2.3841e+08, 1.30321e+10, 2.38083e+08, 201530, 9.30428e+11, 3.57516e+12, 4.75371e+06
0.0011733, 300.381, 2.44321e+19, 317690, 3.13894e+12, 2.44321e+19, 1.55321e+13, 1.44017e+08, 7.4816e+09, 1.39977e+08, 120722, 8.71022e+11, 3.63486e+12, 1.44985e+08
0.00118853, 300.384, 2.44319e+19, 78993.1, 3.16899e+12, 2.44319e+19, 1.25149e+13, 9.10327e+07, 4.66763e+09, 8.79765e+07, 55087.2, 8.02631e+11, 3.68694e+12, 1.64784e+10
0.00120726, 300.386, 2.44317e+19, 117979, 3.15712e+12, 2.44317e+19, 9.87652e+12, 5.65561e+07, 2.8919e+09, 5.45728e+07, 46498, 6.90086e+10, 3.67849e+12, 7.58517e+11
0.00122248, 300.387, 2.44316e+19, 406969, 3.14505e+12, 2.44316e+19, 8.27205e+12, 3.95044e+07, 2.01777e+09, 3.81353e+07, 14765.9, 2.48315e+08, 3.66726e+12, 8.38486e+11
0.00124239, 300.389, 2.44315e+19, 1.67784e+06, 3.12939e+12, 2.44315e+19, 6.66075e+12, 2.55692e+07, 1.30653e+09, 2.47122e+07, 3726.17, 3.82243e+06, 3.65268e+12, 8.53273e+11
0.00125, 300.389, 2.44314e+19, 1.32874e+06, 3.12343e+12, 2.44314e+19, 6.15413e+12, 2.18269e+07, 1.11522e+09, 2.10959e+07, 2789.76, 1.93723e+06, 3.64715e+12, 8.58799e+11
0.00125703, 300.389, 2.44314e+19, 971328, 3.11796e+12, 2.44314e+19, 5.72967e+12, 1.89194e+07, 9.66603e+08, 1.82862e+07, 3959.57, 4.39475e+06, 3.64206e+12, 8.63878e+11
0.00126522, 300.39, 2.44314e+19, 1.67775e+06, 3.11158e+12, 2.44314e+19, 5.28042e+12, 1.60776e+07, 8.21053e+08, 1.55321e+07, 7355.24, 2.32257e+07, 3.63614e+12, 8.69764e+11
0.00127459, 300.39, 2.44314e+19, 2.70634e+06, 3.10433e+12, 2.44313e+19, 4.82435e+12, 1.39277e+07, 7.01523e+08, 1.31379e+07, 16105.1, 3.20497e+08, 3.62942e+12, 8.76176e+11
0.00128279, 300.391, 2.44313e+19, 3.28913e+06, 3.09803e+12, 2.44313e+19, 4.49287e+12, 1.57291e+07, 7.79814e+08, 1.36358e+07, 33318.2, 7.686e+09, 3.6237e+12, 8.7453e+11
0.00129098, 300.391, 2.44313e+19, 1.4073e+06, 3.09231e+12, 2.44313e+19, 4.19694e+12, 1.52435e+07, 8.027e+08, 1.37991e+07, 52808.5, 1.77501e+11, 3.62105e+12, 7.07421e+11
0.00129918, 300.391, 2.44313e+19, 1.19475e+06, 3.08849e+12, 2.44313e+19, 3.94846e+12, 1.77332e+07, 1.01974e+09, 1.69384e+07, 47332.1, 7.92767e+11, 3.62867e+12, 8.47631e+10
0.00130504, 300.391, 2.44313e+19, 4.9898e+06, 3.08596e+12, 2.44313e+19, 4.03691e+12, 6.53538e+07, 4.38021e+09, 6.80071e+07, 73032.7, 8.69427e+11, 3.63474e+12, 3.72865e+09
0.00130972, 300.392, 2.44312e+19, 1.12365e+07, 3.08438e+12, 2.44312e+19, 4.55005e+12, 1.72259e+08, 1.23217e+10, 1.90969e+08, 104687, 8.72748e+11, 3.63989e+12, 3.52336e+08
0.0013144, 300.392, 2.44312e+19, 1.98734e+07, 3.08393e+12, 2.44312e+19, 5.7808e+12, 3.54506e+08, 2.62817e+10, 4.09875e+08, 139031, 8.79811e+11, 3.64611e+12, 4.98155e+07
0.00131674, 300.393, 2.44311e+19, 2.94737e+07, 3.08443e+12, 2.44311e+19, 6.82683e+12, 5.77888e+08, 4.37841e+10, 6.85663e+08, 168031, 8.88065e+11, 3.64994e+12, 1.28155e+07
0.00132026, 300.394, 2.4431e+19, 3.75447e+07, 3.08676e+12, 2.4431e+19, 8.98207e+12, 7.97418e+08, 6.09207e+10, 9.59127e+08, 194290, 9.07412e+11, 3.65733e+12, 4.93593e+06
0.00132377, 300.396, 2.44309e+19, 4.35071e+07, 3.09154e+12, 2.44309e+19, 1.15913e+13, 1.00818e+09, 7.74526e+10, 1.22694e+09, 227150, 9.33438e+11, 3.66726e+12, 1.79258e+06
0.00132963, 300.399, 2.44306e+19, 4.78721e+07, 3.10637e+12, 2.44306e+19, 1.64273e+13, 1.25261e+09, 9.57026e+10, 1.53165e+09, 275725, 9.86552e+11, 3.69105e+12, 603701
0.00133548, 300.403, 2.44303e+19, 5.03284e+07, 3.13098e+12, 2.44302e+19, 2.13207e+13, 1.49309e+09, 1.13072e+11, 1.82828e+09, 335798, 1.04606e+12, 3.72516e+12, 200175
0.00134251, 300.41, 2.44298e+19, 4.97297e+07, 3.17408e+12, 2.44297e+19, 2.64844e+13, 1.68073e+09, 1.24948e+11, 2.04309e+09, 400462, 1.11447e+12, 3.78048e+12, 85684.7
0.00134719, 300.414, 2.44294e+19, 4.68737e+07, 3.21038e+12, 2.44294e+19, 2.91796e+13, 1.73064e+09, 1.26955e+11, 2.09094e+09, 446162, 1.15275e+12, 3.82542e+12, 48976.8
0.00135656, 300.423, 2.44287e+19, 4.11527e+07, 3.29565e+12, 2.44286e+19, 3.23973e+13, 1.7128e+09, 1.2225e+11, 2.035e+09, 495225, 1.20119e+12, 3.92896e+12, 35862.5
0.00136475, 300.431, 2.4428e+19, 3.30625e+07, 3.37708e+12, 2.4428e+19, 3.30216e+13, 1.52477e+09, 1.0612e+11, 1.78234e+09, 519158, 1.21141e+12, 4.02721e+12, 31530.4
0.00137178, 300.438, 2.44275e+19, 2.50386e+07, 3.44584e+12, 2.44275e+19, 3.21383e+13, 1.26807e+09, 8.58898e+10, 1.45504e+09, 513218, 1.19685e+12, 4.1107e+12, 37648.9
0.00137881, 300.443, 2.44271e+19, 1.74931e+07, 3.50921e+12, 2.4427e+19, 3.02414e+13, 9.8777e+08, 6.47859e+10, 1.10859e+09, 487040, 1.16468e+12, 4.18882e+12, 55446.7
0.001387, 300.448, 2.44267e+19, 1.07363e+07, 3.57296e+12, 2.44266e+19, 2.73118e+13, 7.02527e+08, 4.42239e+10, 7.66731e+08, 439158, 1.11422e+12, 4.26952e+12, 109453
0.00139871, 300.453, 2.44262e+19, 5.09045e+06, 3.64342e+12, 2.44262e+19, 2.28983e+13, 4.21517e+08, 2.50431e+10, 4.42695e+08, 353917, 1.03737e+12, 4.36341e+12, 448973
0.00141042, 300.457, 2.44259e+19, 1.53857e+06, 3.69299e+12, 2.44259e+19, 1.8954e+13, 2.38144e+08, 1.3018e+10, 2.37818e+08, 250305, 9.6898e+11, 4.43543e+12, 4.94585e+06
0.0014233, 300.46, 2.44257e+19, 317607, 3.72911e+12, 2.44257e+19, 1.55196e+13, 1.43827e+08, 7.47169e+09, 1.3979e+08, 149816, 9.09297e+11, 4.49539e+12, 1.51207e+08
0.00143853, 300.462, 2.44255e+19, 78972.4, 3.75346e+12, 2.44255e+19, 1.25039e+13, 9.0897e+07, 4.66058e+09, 8.78429e+07, 68371.7, 8.40556e+11, 4.54705e+12, 1.72396e+10
0.00145726, 300.465, 2.44253e+19, 117948, 3.73475e+12, 2.44253e+19, 9.86857e+12, 5.64805e+07, 2.88795e+09, 5.44982e+07, 58009.3, 7.2804e+10, 4.53262e+12, 7.99389e+11
0.00147248, 300.466, 2.44252e+19, 406863, 3.71726e+12, 2.44252e+19, 8.26591e+12, 3.94565e+07, 2.01526e+09, 3.80878e+07, 18504.4, 2.63448e+08, 4.51618e+12, 8.88345e+11
0.00149239, 300.467, 2.44251e+19, 1.6774e+06, 3.6946e+12, 2.44251e+19, 6.65625e+12, 2.55416e+07, 1.30508e+09, 2.46847e+07, 4695.58, 4.09519e+06, 4.49488e+12, 9.09863e+11
0.0015, 300.468, 2.4425e+19, 1.32839e+06, 3.68599e+12, 2.4425e+19, 6.15011e+12, 2.18044e+07, 1.11403e+09, 2.10734e+07, 3522.63, 2.08348e+06, 4.4868e+12, 9.17928e+11
0.00150703, 300.468, 2.4425e+19, 971073, 3.67808e+12, 2.4425e+19, 5.72603e+12, 1.89007e+07, 9.65606e+08, 1.82673e+07, 5008.1, 4.7279e+06, 4.47938e+12, 9.25338e+11
0.00151522, 300.469, 2.4425e+19, 1.67731e+06, 3.66888e+12, 2.4425e+19, 5.27718e+12, 1.60624e+07, 8.20241e+08, 1.55167e+07, 9320.4, 2.49968e+07, 4.47076e+12, 9.33924e+11
0.00152459, 300.469, 2.44249e+19, 2.70563e+06, 3.65842e+12, 2.44249e+19, 4.82149e+12, 1.39155e+07, 7.00877e+08, 1.31256e+07, 20450.9, 3.45538e+08, 4.46096e+12, 9.43378e+11
0.00153279, 300.469, 2.44249e+19, 3.28827e+06, 3.64932e+12, 2.44249e+19, 4.49029e+12, 1.57179e+07, 7.7922e+08, 1.36249e+07, 42384.2, 8.30377e+09, 4.4526e+12, 9.43781e+11
0.00154098, 300.47, 2.44249e+19, 1.40694e+06, 3.64061e+12, 2.44249e+19, 4.19445e+12, 1.5233e+07, 8.02129e+08, 1.37887e+07, 67266.2, 1.92105e+11, 4.44781e+12, 7.64824e+11
0.00154918, 300.47, 2.44249e+19, 1.19443e+06, 3.63317e+12, 2.44249e+19, 3.94556e+12, 1.77203e+07, 1.01903e+09, 1.69254e+07, 60312.4, 8.58345e+11, 4.45495e+12, 9.16815e+10
0.00155504, 300.47, 2.44249e+19, 4.98849e+06, 3.62805e+12, 2.44248e+19, 4.03358e+12, 6.53265e+07, 4.37845e+09, 6.79773e+07, 93074.3, 9.41862e+11, 4.46076e+12, 4.03526e+09
0.00155972, 300.47, 2.44248e+19, 1.12336e+07, 3.62445e+12, 2.44248e+19, 4.54612e+12, 1.72199e+08, 1.23175e+10, 1.90901e+08, 133375, 9.45638e+11, 4.46574e+12, 3.81385e+08
0.0015644, 300.471, 2.44248e+19, 1.98681e+07, 3.62207e+12, 2.44248e+19, 5.77585e+12, 3.5439e+08, 2.62731e+10, 4.09735e+08, 176952, 9.52817e+11, 4.47185e+12, 5.38961e+07
0.00156674, 300.472, 2.44247e+19, 2.9466e+07, 3.62167e+12, 2.44247e+19, 6.8211e+12, 5.77707e+08, 4.37702e+10, 6.85437e+08, 213648, 9.61059e+11, 4.47569e+12, 1.38553e+07
0.00157026, 300.473, 2.44246e+19, 3.75349e+07, 3.62277e+12, 2.44246e+19, 8.97481e+12, 7.97159e+08, 6.0901e+10, 9.58803e+08, 246487, 9.80256e+11, 4.48321e+12, 5.32697e+06
0.00157377, 300.475, 2.44245e+19, 4.34957e+07, 3.62649e+12, 2.44245e+19, 1.15821e+13, 1.00783e+09, 7.74267e+10, 1.22651e+09, 287330, 1.00594e+12, 4.49345e+12, 1.92994e+06
0.00157963, 300.478, 2.44242e+19, 4.78596e+07, 3.63999e+12, 2.44242e+19, 1.64147e+13, 1.25213e+09, 9.56677e+10, 1.53106e+09, 346704, 1.05801e+12, 4.51824e+12, 646798
0.00158548, 300.482, 2.44239e+19, 5.03152e+07, 3.66377e+12, 2.44238e+19, 2.13045e+13, 1.49244e+09, 1.13027e+11, 1.82751e+09, 419422, 1.11587e+12, 4.55392e+12, 213328
0.00159251, 300.488, 2.44234e+19, 4.97166e+07, 3.70645e+12, 2.44233e+19, 2.64644e+13, 1.67989e+09, 1.24892e+11, 2.04212e+09, 496121, 1.18165e+12, 4.61178e+12, 90761.7
0.00159719, 300.493, 2.4423e+19, 4.68614e+07, 3.7427e+12, 2.4423e+19, 2.91576e+13, 1.72971e+09, 1.26895e+11, 2.08987e+09, 549871, 1.21789e+12, 4.6587e+12, 51694.5
0.00160656, 300.502, 2.44223e+19, 4.11419e+07, 3.82803e+12, 2.44222e+19, 3.23731e+13, 1.71177e+09, 1.22185e+11, 2.03385e+09, 604725, 1.26203e+12, 4.76643e+12, 37642.4
0.00161475, 300.51, 2.44216e+19, 3.30538e+07, 3.9094e+12, 2.44216e+19, 3.29971e+13, 1.52376e+09, 1.06059e+11, 1.78125e+09, 629743, 1.26859e+12, 4.86825e+12, 32986.9
0.00162178, 300.516, 2.44211e+19, 2.50321e+07, 3.97782e+12, 2.44211e+19, 3.21144e+13, 1.26717e+09, 8.58364e+10, 1.45407e+09, 619745, 1.25124e+12, 4.95448e+12, 39321.6
0.00162881, 300.522, 2.44207e+19, 1.74885e+07, 4.0405e+12, 2.44206e+19, 3.02187e+13, 9.86999e+08, 6.47414e+10, 1.10778e+09, 586173, 1.21669e+12, 5.03493e+12, 57866.8
0.001637, 300.527, 2.44203e+19, 1.07335e+07, 4.10298e+12, 2.44202e+19, 2.72909e+13, 7.01912e+08, 4.41893e+10, 7.66094e+08, 527179, 1.16406e+12, 5.11777e+12, 114238
0.00164871, 300.532, 2.44198e+19, 5.08912e+06, 4.17082e+12, 2.44198e+19, 2.28799e+13, 4.21081e+08, 2.50194e+10, 4.42253e+08, 424069, 1.08516e+12, 5.21368e+12, 469202
0.00166042, 300.536, 2.44195e+19, 1.53817e+06, 4.21701e+12, 2.44195e+19, 1.89378e+13, 2.37836e+08, 1.30017e+10, 2.37512e+08, 299792, 1.01572e+12, 5.28674e+12, 5.17935e+06
0.0016733, 300.539, 2.44193e+19, 317524, 4.24875e+12, 2.44193e+19, 1.55052e+13, 1.43605e+08, 7.46011e+09, 1.39571e+08, 179516, 9.55705e+11, 5.34701e+12, 1.58768e+08
0.00168853, 300.541, 2.44191e+19, 78951.7, 4.26724e+12, 2.44191e+19, 1.24911e+13, 9.07363e+07, 4.65224e+09, 8.76851e+07, 82028.4, 8.86493e+11, 5.39822e+12, 1.81635e+10
0.00170726, 300.543, 2.44189e+19, 117917, 4.24102e+12, 2.44189e+19, 9.85937e+12, 5.63907e+07, 2.88327e+09, 5.44099e+07, 69954.9, 7.73442e+10, 5.37715e+12, 8.48342e+11
0.00172248, 300.545, 2.44188e+19, 406756, 4.21755e+12, 2.44188e+19, 8.25881e+12, 3.93994e+07, 2.01227e+09, 3.80314e+07, 22411.9, 2.81404e+08, 5.35495e+12, 9.47578e+11
0.00174239, 300.546, 2.44187e+19, 1.67696e+06, 4.18718e+12, 2.44187e+19, 6.65105e+12, 2.55087e+07, 1.30335e+09, 2.4652e+07, 5717.14, 4.41509e+06, 5.32623e+12, 9.76521e+11
0.00175, 300.547, 2.44186e+19, 1.32804e+06, 4.17566e+12, 2.44186e+19, 6.14546e+12, 2.17774e+07, 1.11261e+09, 2.10465e+07, 4297.09, 2.25435e+06, 5.31536e+12, 9.87381e+11
0.00175703, 300.547, 2.44186e+19, 970818, 4.16507e+12, 2.44186e+19, 5.72182e+12, 1.88781e+07, 9.64417e+08, 1.82448e+07, 6118.55, 5.11698e+06, 5.30537e+12, 9.97352e+11
0.00176522, 300.547, 2.44186e+19, 1.67687e+06, 4.15277e+12, 2.44186e+19, 5.27342e+12, 1.6044e+07, 8.1927e+08, 1.54983e+07, 11406.5, 2.70643e+07, 5.29378e+12, 1.0089e+12
0.00177459, 300.548, 2.44185e+19, 2.70492e+06, 4.13879e+12, 2.44185e+19, 4.81819e+12, 1.39008e+07, 7.00089e+08, 1.31109e+07, 25076, 3.74715e+08, 5.28062e+12, 1.02169e+12
0.00178279, 300.548, 2.44185e+19, 3.28741e+06, 4.12663e+12, 2.44185e+19, 4.4873e+12, 1.57047e+07, 7.7852e+08, 1.36119e+07, 52052.8, 9.02214e+09, 5.26937e+12, 1.0243e+12
0.00179098, 300.548, 2.44185e+19, 1.40657e+06, 4.11469e+12, 2.44185e+19, 4.19158e+12, 1.52208e+07, 8.01465e+08, 1.37764e+07, 82708.5, 2.09058e+11, 5.26224e+12, 8.31449e+11
0.00179918, 300.549, 2.44185e+19, 1.19412e+06, 4.10338e+12, 2.44185e+19, 3.94222e+12, 1.77055e+07, 1.0182e+09, 1.69104e+07, 74189.1, 9.34427e+11, 5.26884e+12, 9.97067e+10
0.00180504, 300.549, 2.44185e+19, 4.98718e+06, 4.09549e+12, 2.44184e+19, 4.02976e+12, 6.52968e+07, 4.37657e+09, 6.79454e+07, 114510, 1.02588e+12, 5.27439e+12, 4.39082e+09
0.00180972, 300.549, 2.44184e+19, 1.12307e+07, 4.08973e+12, 2.44184e+19, 4.54166e+12, 1.72138e+08, 1.23131e+10, 1.90829e+08, 164052, 1.03016e+12, 5.27918e+12, 4.15061e+08
0.0018144, 300.55, 2.44184e+19, 1.98629e+07, 4.08531e+12, 2.44183e+19, 5.77032e+12, 3.54271e+08, 2.62644e+10, 4.09592e+08, 217446, 1.03745e+12, 5.2852e+12, 5.86257e+07
0.00181674, 300.551, 2.44183e+19, 2.94582e+07, 4.08397e+12, 2.44183e+19, 6.81477e+12, 5.7752e+08, 4.37561e+10, 6.85206e+08, 262292, 1.04567e+12, 5.28905e+12, 1.50603e+07
0.00182026, 300.552, 2.44182e+19, 3.7525e+07, 4.08379e+12, 2.44182e+19, 8.96689e+12, 7.96893e+08, 6.08809e+10, 9.58473e+08, 301970, 1.06468e+12, 5.29673e+12, 5.78011e+06
0.00182377, 300.554, 2.44181e+19, 4.34843e+07, 4.08642e+12, 2.44181e+19, 1.15723e+13, 1.00748e+09, 7.74002e+10, 1.22607e+09, 351031, 1.08997e+12, 5.30736e+12, 2.0891e+06
0.00182963, 300.557, 2.44178e+19, 4.7847e+07, 4.09864e+12, 2.44178e+19, 1.64011e+13, 1.25162e+09, 9.56319e+10, 1.53045e+09, 421201, 1.14081e+12, 5.33331e+12, 696739
0.00183548, 300.561, 2.44175e+19, 5.0302e+07, 4.12175e+12, 2.44174e+19, 2.12872e+13, 1.49176e+09, 1.1298e+11, 1.8267e+09, 506373, 1.19677e+12, 5.37082e+12, 228573
0.00184251, 300.567, 2.4417e+19, 4.97036e+07, 4.1643e+12, 2.44169e+19, 2.6443e+13, 1.67901e+09, 1.24834e+11, 2.04111e+09, 594508, 1.25953e+12, 5.43161e+12, 96650
0.00184719, 300.572, 2.44166e+19, 4.68491e+07, 4.20075e+12, 2.44166e+19, 2.91341e+13, 1.72873e+09, 1.26832e+11, 2.08876e+09, 655851, 1.29344e+12, 5.4808e+12, 54848.2
0.00185656, 300.581, 2.44158e+19, 4.11311e+07, 4.28671e+12, 2.44158e+19, 3.23471e+13, 1.71067e+09, 1.22118e+11, 2.03263e+09, 715511, 1.33264e+12, 5.59335e+12, 39710.3
0.00186475, 300.589, 2.44152e+19, 3.30452e+07, 4.36851e+12, 2.44152e+19, 3.29707e+13, 1.52269e+09, 1.05995e+11, 1.78009e+09, 741000, 1.33503e+12, 5.69926e+12, 34681
0.00187178, 300.595, 2.44147e+19, 2.50255e+07, 4.437e+12, 2.44147e+19, 3.20886e+13, 1.26619e+09, 8.57792e+10, 1.45303e+09, 726653, 1.31446e+12, 5.78865e+12, 41268.6
0.00187881, 300.6, 2.44143e+19, 1.7484e+07, 4.49935e+12, 2.44142e+19, 3.01941e+13, 9.86159e+08, 6.46933e+10, 1.1069e+09, 685605, 1.27718e+12, 5.87179e+12, 60685.1
0.001887, 300.606, 2.44139e+19, 1.07307e+07, 4.5609e+12, 2.44138e+19, 2.72681e+13, 7.01235e+08, 4.41515e+10, 7.65398e+08, 615573, 1.22203e+12, 5.95712e+12, 119812
0.00189871, 300.611, 2.44134e+19, 5.08778e+06, 4.62646e+12, 2.44134e+19, 2.28597e+13, 4.20595e+08, 2.4993e+10, 4.41762e+08, 494781, 1.14072e+12, 6.05541e+12, 492748
0.00191042, 300.615, 2.44131e+19, 1.53776e+06, 4.66948e+12, 2.44131e+19, 1.89197e+13, 2.37488e+08, 1.29834e+10, 2.37168e+08, 349908, 1.06999e+12, 6.12975e+12, 5.45075e+06
0.0019233, 300.617, 2.44129e+19, 317441, 4.69693e+12, 2.44129e+19, 1.5489e+13, 1.43352e+08, 7.44697e+09, 1.39323e+08, 209750, 1.00948e+12, 6.1905e+12, 1.67536e+08
0.00193853, 300.62, 2.44127e+19, 78931, 4.70955e+12, 2.44127e+19, 1.24767e+13, 9.05524e+07, 4.64272e+09, 8.75049e+07, 96008.5, 9.39558e+11, 6.24135e+12, 1.92314e+10
0.00195726, 300.622, 2.44125e+19, 117886, 4.67539e+12, 2.44125e+19, 9.84899e+12, 5.62877e+07, 2.87792e+09, 5.43087e+07, 82266.4, 8.25363e+10, 6.21322e+12, 9.04334e+11
0.00197248, 300.624, 2.44124e+19, 406649, 4.64557e+12, 2.44124e+19, 8.2508e+12, 3.93337e+07, 2.00885e+09, 3.79668e+07, 26459.4, 3.01795e+08, 6.1849e+12, 1.01486e+12
0.00199239, 300.625, 2.44123e+19, 1.67652e+06, 4.60704e+12, 2.44122e+19, 6.64518e+12, 2.54707e+07, 1.30136e+09, 2.46144e+07, 6781.22, 4.77472e+06, 6.14833e+12, 1.05167e+12
0.002, 300.626, 2.44122e+19, 1.32769e+06, 4.59244e+12, 2.44122e+19, 6.14022e+12, 2.17463e+07, 1.11098e+09, 2.10156e+07, 5105.25, 2.44578e+06, 6.1345e+12, 1.06548e+12
0.00200703, 300.626, 2.44122e+19, 970564, 4.57903e+12, 2.44122e+19, 5.71708e+12, 1.88521e+07, 9.63049e+08, 1.8219e+07, 7278.82, 5.55269e+06, 6.12181e+12, 1.07816e+12
0.00201522, 300.626, 2.44122e+19, 1.67643e+06, 4.56347e+12, 2.44122e+19, 5.2692e+12, 1.60228e+07, 8.18152e+08, 1.54772e+07, 13589.2, 2.93782e+07, 6.10708e+12, 1.09284e+12
0.00202459, 300.627, 2.44121e+19, 2.70421e+06, 4.54578e+12, 2.44121e+19, 4.81446e+12, 1.38837e+07, 6.99194e+08, 1.30939e+07, 29922.1, 4.07316e+08, 6.09038e+12, 1.10915e+12
0.00203279, 300.627, 2.44121e+19, 3.28655e+06, 4.53039e+12, 2.44121e+19, 4.48394e+12, 1.56896e+07, 7.77721e+08, 1.35971e+07, 62195, 9.82328e+09, 6.07607e+12, 1.11403e+12
0.00204098, 300.627, 2.44121e+19, 1.4062e+06, 4.51506e+12, 2.44121e+19, 4.18835e+12, 1.52068e+07, 8.00713e+08, 1.37625e+07, 98918.1, 2.2793e+11, 6.06649e+12, 9.05559e+11
0.00204918, 300.627, 2.44121e+19, 1.19381e+06, 4.49974e+12, 2.44121e+19, 3.93849e+12, 1.76889e+07, 1.0173e+09, 1.68937e+07, 88759, 1.01901e+12, 6.07258e+12, 1.08621e+11
0.00205504, 300.628, 2.44121e+19, 4.98587e+06, 4.48898e+12, 2.4412e+19, 4.0255e+12, 6.52651e+07, 4.37458e+09, 6.79116e+07, 137020, 1.11922e+12, 6.07789e+12, 4.78555e+09
0.00205972, 300.628, 2.4412e+19, 1.12277e+07, 4.48099e+12, 2.4412e+19, 4.53675e+12, 1.72074e+08, 1.23087e+10, 1.90756e+08, 196247, 1.12402e+12, 6.0825e+12, 4.52432e+08
0.0020644, 300.629, 2.4412e+19, 1.98577e+07, 4.47448e+12, 2.44119e+19, 5.7643e+12, 3.54149e+08, 2.62555e+10, 4.09446e+08, 259889, 1.1314e+12, 6.08846e+12, 6.38718e+07
0.00206674, 300.63, 2.44119e+19, 2.94505e+07, 4.47216e+12, 2.44119e+19, 6.80793e+12, 5.77329e+08, 4.37418e+10, 6.84971e+08, 313211, 1.13957e+12, 6.09235e+12, 1.63967e+07
0.00207026, 300.631, 2.44118e+19, 3.75152e+07, 4.47069e+12, 2.44118e+19, 8.95841e+12, 7.96621e+08, 6.08606e+10, 9.58137e+08, 359885, 1.15835e+12, 6.10025e+12, 6.2825e+06
0.00207377, 300.632, 2.44117e+19, 4.34729e+07, 4.47226e+12, 2.44117e+19, 1.15618e+13, 1.00711e+09, 7.73734e+10, 1.22562e+09, 417281, 1.18316e+12, 6.11132e+12, 2.26552e+06
0.00207963, 300.636, 2.44114e+19, 4.78345e+07, 4.48326e+12, 2.44114e+19, 1.63868e+13, 1.25111e+09, 9.55954e+10, 1.52983e+09, 498113, 1.23262e+12, 6.1386e+12, 752082
0.00208548, 300.64, 2.44111e+19, 5.02888e+07, 4.50587e+12, 2.4411e+19, 2.12689e+13, 1.49106e+09, 1.12933e+11, 1.82588e+09, 595414, 1.28646e+12, 6.17816e+12, 245465
0.00209251, 300.646, 2.44106e+19, 4.96905e+07, 4.54857e+12, 2.44105e+19, 2.64205e+13, 1.6781e+09, 1.24775e+11, 2.04006e+09, 694300, 1.34586e+12, 6.24223e+12, 103174
0.00209719, 300.651, 2.44102e+19, 4.68368e+07, 4.58545e+12, 2.44102e+19, 2.91094e+13, 1.7277e+09, 1.26767e+11, 2.08761e+09, 762731, 1.37719e+12, 6.29394e+12, 58342.9
0.00210656, 300.66, 2.44094e+19, 4.11203e+07, 4.67255e+12, 2.44094e+19, 3.23198e+13, 1.70952e+09, 1.22047e+11, 2.03137e+09, 826235, 1.41094e+12, 6.41183e+12, 42002.6
0.00211475, 300.668, 2.44088e+19, 3.30365e+07, 4.75526e+12, 2.44088e+19, 3.29428e+13, 1.52156e+09, 1.05927e+11, 1.77887e+09, 851626, 1.4087e+12, 6.52228e+12, 36559.4
0.00212178, 300.674, 2.44083e+19, 2.50189e+07, 4.82418e+12, 2.44082e+19, 3.20613e+13, 1.26516e+09, 8.57192e+10, 1.45194e+09, 832707, 1.38457e+12, 6.61516e+12, 43428
0.00212881, 300.679, 2.44079e+19, 1.74794e+07, 4.88653e+12, 2.44078e+19, 3.0168e+13, 9.85267e+08, 6.46426e+10, 1.10597e+09, 784185, 1.34427e+12, 6.70129e+12, 63810.9
0.002137, 300.684, 2.44075e+19, 1.07279e+07, 4.94748e+12, 2.44074e+19, 2.72437e+13, 7.00512e+08, 4.41114e+10, 7.64656e+08, 703295, 1.28631e+12, 6.78939e+12, 125992
0.00214871, 300.69, 2.4407e+19, 5.08645e+06, 5.01112e+12, 2.4407e+19, 2.2838e+13, 4.2007e+08, 2.49648e+10, 4.41235e+08, 565177, 1.20228e+12, 6.89038e+12, 518832
0.00216042, 300.693, 2.44067e+19, 1.53736e+06, 5.05119e+12, 2.44067e+19, 1.89003e+13, 2.37111e+08, 1.29636e+10, 2.36795e+08, 399995, 1.13003e+12, 6.96622e+12, 5.75098e+06
0.0021733, 300.696, 2.44065e+19, 317357, 5.07453e+12, 2.44065e+19, 1.54716e+13, 1.43076e+08, 7.43263e+09, 1.39052e+08, 240092, 1.06886e+12, 7.02762e+12, 1.77216e+08
0.00218853, 300.699, 2.44063e+19, 78910.3, 5.08139e+12, 2.44063e+19, 1.2461e+13, 9.03511e+07, 4.63231e+09, 8.73078e+07, 110099, 9.97999e+11, 7.07823e+12, 2.0407e+10
0.00220726, 300.701, 2.44061e+19, 117855, 5.03904e+12, 2.44061e+19, 9.83774e+12, 5.61747e+07, 2.87206e+09, 5.4198e+07, 94731.6, 8.8216e+10, 7.04282e+12, 9.65544e+11
0.00222248, 300.703, 2.4406e+19, 406543, 5.00269e+12, 2.4406e+19, 8.24212e+12, 3.92617e+07, 2.00511e+09, 3.7896e+07, 30571.1, 3.23987e+08, 7.00819e+12, 1.08803e+12
0.00224239, 300.704, 2.44059e+19, 1.67609e+06, 4.95578e+12, 2.44058e+19, 6.63883e+12, 2.54289e+07, 1.29918e+09, 2.45732e+07, 7865.96, 5.16312e+06, 6.96355e+12, 1.13293e+12
0.00225, 300.704, 2.44058e+19, 1.32734e+06, 4.93802e+12, 2.44058e+19, 6.13454e+12, 2.1712e+07, 1.10919e+09, 2.09818e+07, 5929.99, 2.65196e+06, 6.94668e+12, 1.14978e+12
0.00225703, 300.705, 2.44058e+19, 970309, 4.92172e+12, 2.44058e+19, 5.71195e+12, 1.88235e+07, 9.61549e+08, 1.81906e+07, 8463.65, 6.02181e+06, 6.93121e+12, 1.16523e+12
0.00226522, 300.705, 2.44058e+19, 1.67599e+06, 4.90281e+12, 2.44057e+19, 5.26462e+12, 1.59995e+07, 8.16926e+08, 1.5454e+07, 15819.4, 3.18684e+07, 6.91328e+12, 1.18312e+12
0.00227459, 300.706, 2.44057e+19, 2.7035e+06, 4.88134e+12, 2.44057e+19, 4.81044e+12, 1.3865e+07, 6.98209e+08, 1.30754e+07, 34876.5, 4.42351e+08, 6.89294e+12, 1.20301e+12
0.00228279, 300.706, 2.44057e+19, 3.28568e+06, 4.86266e+12, 2.44057e+19, 4.4803e+12, 1.5673e+07, 7.76851e+08, 1.35809e+07, 72568.5, 1.06829e+10, 6.87553e+12, 1.21018e+12
0.00229098, 300.706, 2.44057e+19, 1.40583e+06, 4.84387e+12, 2.44057e+19, 4.18487e+12, 1.51915e+07, 7.99899e+08, 1.37475e+07, 115498, 2.48147e+11, 6.86345e+12, 9.84848e+11
0.00229918, 300.706, 2.44057e+19, 1.19349e+06, 4.8245e+12, 2.44057e+19, 3.93447e+12, 1.76709e+07, 1.01632e+09, 1.68757e+07, 103660, 1.10947e+12, 6.86905e+12, 1.18144e+11
0.00230504, 300.707, 2.44056e+19, 4.98456e+06, 4.81083e+12, 2.44056e+19, 4.02094e+12, 6.52319e+07, 4.37251e+09, 6.78764e+07, 160036, 1.219e+12, 6.87415e+12, 5.20697e+09
0.00230972, 300.707, 2.44056e+19, 1.12248e+07, 4.8006e+12, 2.44056e+19, 4.53151e+12, 1.72007e+08, 1.23042e+10, 1.90681e+08, 229149, 1.22432e+12, 6.87863e+12, 4.92314e+08
0.0023144, 300.708, 2.44055e+19, 1.98525e+07, 4.79199e+12, 2.44055e+19, 5.75794e+12, 3.54024e+08, 2.62464e+10, 4.09297e+08, 303206, 1.23175e+12, 6.88455e+12, 6.94686e+07
0.00231674, 300.708, 2.44055e+19, 2.94428e+07, 4.78871e+12, 2.44055e+19, 6.80072e+12, 5.77136e+08, 4.37273e+10, 6.84733e+08, 365121, 1.23986e+12, 6.8885e+12, 1.78222e+07
0.00232026, 300.71, 2.44054e+19, 3.75053e+07, 4.78595e+12, 2.44054e+19, 8.94954e+12, 7.96346e+08, 6.084e+10, 9.57797e+08, 418785, 1.25836e+12, 6.89666e+12, 6.81824e+06
0.00232377, 300.711, 2.44053e+19, 4.34615e+07, 4.78649e+12, 2.44052e+19, 1.15509e+13, 1.00675e+09, 7.73463e+10, 1.22517e+09, 484449, 1.28265e+12, 6.90822e+12, 2.45362e+06
0.00232963, 300.715, 2.4405e+19, 4.78219e+07, 4.79639e+12, 2.4405e+19, 1.63721e+13, 1.25058e+09, 9.55585e+10, 1.5292e+09, 575614, 1.33059e+12, 6.93696e+12, 811070
0.00233548, 300.719, 2.44047e+19, 5.02756e+07, 4.81864e+12, 2.44046e+19, 2.12501e+13, 1.49035e+09, 1.12885e+11, 1.82504e+09, 684524, 1.38215e+12, 6.97874e+12, 263467
0.00234251, 300.725, 2.44042e+19, 4.96775e+07, 4.86176e+12, 2.44041e+19, 2.63974e+13, 1.67717e+09, 1.24715e+11, 2.039e+09, 793367, 1.43794e+12, 7.04632e+12, 110127
0.00234719, 300.729, 2.44038e+19, 4.68246e+07, 4.89926e+12, 2.44038e+19, 2.9084e+13, 1.72665e+09, 1.26701e+11, 2.08643e+09, 868319, 1.46651e+12, 7.10073e+12, 62067.2
0.00235656, 300.739, 2.4403e+19, 4.11095e+07, 4.98795e+12, 2.4403e+19, 3.22916e+13, 1.70833e+09, 1.21975e+11, 2.03008e+09, 934782, 1.49445e+12, 7.22432e+12, 44445.9
0.00236475, 300.747, 2.44024e+19, 3.30278e+07, 5.07194e+12, 2.44023e+19, 3.29139e+13, 1.52039e+09, 1.05858e+11, 1.77762e+09, 959602, 1.4873e+12, 7.3396e+12, 38562
0.00237178, 300.753, 2.44019e+19, 2.50124e+07, 5.14162e+12, 2.44018e+19, 3.20329e+13, 1.26409e+09, 8.56573e+10, 1.45081e+09, 936016, 1.45938e+12, 7.43621e+12, 45730.2
0.00237881, 300.758, 2.44015e+19, 1.74748e+07, 5.20426e+12, 2.44014e+19, 3.01408e+13, 9.8434e+08, 6.45901e+10, 1.105e+09, 880170, 1.41584e+12, 7.52554e+12, 67143.4
0.002387, 300.763, 2.44011e+19, 1.07251e+07, 5.2649e+12, 2.4401e+19, 2.72184e+13, 6.99757e+08, 4.40697e+10, 7.63885e+08, 788785, 1.35488e+12, 7.6166e+12, 132579
0.00239871, 300.769, 2.44006e+19, 5.08511e+06, 5.32696e+12, 2.44006e+19, 2.28153e+13, 4.19521e+08, 2.49352e+10, 4.40684e+08, 633972, 1.26789e+12, 7.72052e+12, 546618
0.00241042, 300.772, 2.44003e+19, 1.53696e+06, 5.36436e+12, 2.44003e+19, 1.888e+13, 2.36714e+08, 1.29428e+10, 2.36404e+08, 449105, 1.19396e+12, 7.79803e+12, 6.07045e+06
0.0024233, 300.775, 2.44001e+19, 317274, 5.38382e+12, 2.44001e+19, 1.54533e+13, 1.42784e+08, 7.41753e+09, 1.38767e+08, 269943, 1.13201e+12, 7.86019e+12, 1.875e+08
0.00243853, 300.778, 2.43999e+19, 78889.6, 5.38511e+12, 2.43999e+19, 1.24446e+13, 9.01385e+07, 4.62133e+09, 8.71e+07, 124008, 1.06003e+12, 7.91068e+12, 2.16537e+10
0.00245726, 300.78, 2.43997e+19, 117824, 5.33455e+12, 2.43997e+19, 9.82593e+12, 5.60554e+07, 2.86588e+09, 5.40813e+07, 107070, 9.42177e+10, 7.86794e+12, 1.03014e+12
0.00247248, 300.782, 2.43996e+19, 406436, 5.29163e+12, 2.43995e+19, 8.23302e+12, 3.91856e+07, 2.00116e+09, 3.78214e+07, 34649.3, 3.47348e+08, 7.82697e+12, 1.16494e+12
0.00249239, 300.783, 2.43995e+19, 1.67565e+06, 5.2363e+12, 2.43994e+19, 6.63217e+12, 2.53848e+07, 1.29688e+09, 2.45297e+07, 8943.95, 5.56953e+06, 7.77422e+12, 1.21797e+12
0.0025, 300.783, 2.43994e+19, 1.32699e+06, 5.21539e+12, 2.43994e+19, 6.12859e+12, 2.16758e+07, 1.1073e+09, 2.09461e+07, 6750.03, 2.86725e+06, 7.75431e+12, 1.23785e+12
